id,name,plural,aisle
all-purpose-flour,all-purpose flour,,Baking
baking-soda,baking soda,,Baking
banana,banana,bananas,Produce
basil,basil,,Produce
bell-pepper,bell pepper,bell peppers,Produce
berries,berries,,Produce
black-pepper,black pepper,,Spices
brown-sugar,brown sugar,,Baking
butter,butter,,Dairy & Eggs
cabbage,cabbage,,Produce
chia-seeds,chia seeds,,Pantry
chicken-thighs,boneless chicken thighs,,Meat & Seafood
chili-powder,chili powder,,Spices
cilantro,cilantro,,Produce
corn-tortilla,corn tortilla,corn tortillas,Bakery
egg,egg,eggs,Dairy & Eggs
garlic,garlic,,Produce
garlic-powder,garlic powder,,Spices
greek-yogurt,Greek yogurt,,Dairy & Eggs
ground-cumin,ground cumin,,Spices
heavy-cream,heavy cream,,Dairy & Eggs
lime,lime,limes,Produce
maple-syrup,maple syrup,,Pantry
milk,milk,,Dairy & Eggs
olive-oil,olive oil,,Pantry
rolled-oats,rolled oats,,Pantry
roma-tomato,roma tomato,roma tomatoes,Produce
salt,salt,,Spices
sour-cream,sour cream,,Dairy & Eggs
vanilla-extract,vanilla extract,,Baking
vegetable-broth,vegetable broth,,Canned & Jarred
yellow-onion,yellow onion,yellow onions,Produce
